decades,trade_barriers,diversification,specialization
1970s,-3.464541177918533,-15.772863707053435,12.308322529134903
1980s,-12.260564964720183,-35.89762112461277,23.637056159892577
1990s,-33.98821181616828,-66.15711425672959,32.168902440561325
2000s,-66.96162254781053,-64.55860169945612,-2.403020848354417
