decades,trade_barriers,diversification,specialization
1970s,-2.7489788551319676,-10.963590115149605,8.214611260017625
1980s,-13.404690667590764,-32.42366204845713,19.01897138086637
1990s,-35.9237723098181,-58.05212094343074,22.128348633612646
2000s,-45.80943588922964,-50.86447683693907,5.055040947709435
