decades,trade_barriers,diversification,specialization
1970s,-3.463189790062135,-15.742728461513147,12.279538671451023
1980s,-12.288489393400793,-35.96005425891778,23.671564865516984
1990s,-34.026437043473955,-66.12739719419345,32.100960150719494
2000s,-66.84345811280153,-65.00111125642555,-1.8423468563759573
