decades,trade_barriers,diversification,specialization
1970s,-4.216019210015305,-13.45557164740666,9.239552437391355
1980s,-12.357841695126101,-32.97678116650802,20.618939471381914
1990s,-34.08099033873478,-59.47273945016098,25.391749111426204
2000s,-44.66217222717169,-51.4258809144714,6.763708687299715
